{"chatconf":{"1":{"vid":99999,"time":0,"index":1,"girl":{"zhuboid":101,"zhuboname":"Custom Server","zhubophoto":"https://mock.kissu688.com/img/custom.png"},"data":{"1":{"index":1,"time":0,"ntype":0}}},"2":{"vid":98,"time":50,"index":2,"girl":{"zhuboid":5100,"zhuboname":"hotmom","zhubophoto":"https://mock.kissu688.com/robot/img/79571990.jpeg"},"data":{"1":{"index":1,"time":0,"ntype":0},"2":{"index":2,"time":25,"ntype":0},"3":{"index":3,"time":47,"ntype":0},"4":{"index":4,"time":57,"ntype":0},"5":{"index":5,"time":75,"ntype":0},"6":{"index":6,"time":90,"ntype":0},"7":{"index":7,"time":108,"ntype":0},"8":{"index":8,"time":120,"ntype":0},"9":{"index":9,"time":155,"ntype":0},"10":{"index":10,"time":165,"ntype":0},"11":{"index":11,"time":173,"ntype":0}}},"3":{"vid":72,"time":180,"index":3,"girl":{"zhuboid":5107,"zhuboname":"Bela🍑💦","zhubophoto":"https://mock.kissu688.com/robot/img/76349093.jpeg"},"data":{"1":{"index":1,"time":0,"ntype":0},"2":{"index":2,"time":12,"ntype":0},"3":{"index":3,"time":34,"ntype":0},"4":{"index":4,"time":42,"ntype":0},"5":{"index":5,"time":50,"ntype":0},"6":{"index":6,"time":60,"ntype":0},"7":{"index":7,"time":72,"ntype":0}}},"4":{"vid":104,"time":300,"index":4,"girl":{"zhuboid":5113,"zhuboname":"Neharika ","zhubophoto":"https://mock.kissu688.com/robot/img/91093549.jpg"},"data":{"1":{"index":1,"time":0,"ntype":0},"2":{"index":2,"time":30,"ntype":0},"3":{"index":3,"time":52,"ntype":0},"4":{"index":4,"time":80,"ntype":0},"5":{"index":5,"time":98,"ntype":0},"6":{"index":6,"time":108,"ntype":0},"7":{"index":7,"time":123,"ntype":0},"8":{"index":8,"time":158,"ntype":0},"9":{"index":9,"time":166,"ntype":0}}},"5":{"vid":84,"time":420,"index":5,"girl":{"zhuboid":5115,"zhuboname":"Princess Lee","zhubophoto":"https://mock.kissu688.com/robot/img/76170629.jpeg"},"data":{"1":{"index":1,"time":0,"ntype":1,"yes":3,"no":10},"3":{"index":3,"time":45,"ntype":0},"4":{"index":4,"time":63,"ntype":0},"5":{"index":5,"time":88,"ntype":0},"6":{"index":6,"time":105,"ntype":0},"7":{"index":7,"time":128,"ntype":0},"8":{"index":8,"time":146,"ntype":0,"next":16},"10":{"index":10,"time":45,"ntype":0},"11":{"index":11,"time":68,"ntype":0},"12":{"index":12,"time":84,"ntype":0},"13":{"index":13,"time":109,"ntype":0},"14":{"index":14,"time":126,"ntype":0},"15":{"index":15,"time":149,"ntype":0}}},"6":{"vid":99,"time":540,"index":6,"girl":{"zhuboid":5116,"zhuboname":"trexie 💦","zhubophoto":"https://mock.kissu688.com/robot/img/76170533.jpeg"},"data":{"1":{"index":1,"time":0,"ntype":0},"2":{"index":2,"time":12,"ntype":0},"3":{"index":3,"time":27,"ntype":0},"4":{"index":4,"time":53,"ntype":0},"5":{"index":5,"time":63,"ntype":0},"6":{"index":6,"time":75,"ntype":0}}},"7":{"vid":100,"time":660,"index":7,"girl":{"zhuboid":5119,"zhuboname":"prince ","zhubophoto":"https://mock.kissu688.com/robot/img/78207378.jpeg"},"data":{"1":{"index":1,"time":0,"ntype":0},"2":{"index":2,"time":14,"ntype":0},"3":{"index":3,"time":34,"ntype":0},"4":{"index":4,"time":42,"ntype":0},"5":{"index":5,"time":64,"ntype":0},"6":{"index":6,"time":84,"ntype":0}}},"8":{"vid":102,"time":780,"index":8,"girl":{"zhuboid":5128,"zhuboname":"nudes💗","zhubophoto":"https://mock.kissu688.com/robot/img/80708700.png"},"data":{"1":{"index":1,"time":0,"ntype":0},"2":{"index":2,"time":10,"ntype":0},"3":{"index":3,"time":32,"ntype":0},"4":{"index":4,"time":50,"ntype":0},"5":{"index":5,"time":65,"ntype":0},"6":{"index":6,"time":77,"ntype":0},"7":{"index":7,"time":91,"ntype":0},"8":{"index":8,"time":126,"ntype":0},"9":{"index":9,"time":140,"ntype":0}}},"9":{"vid":74,"time":900,"index":9,"girl":{"zhuboid":5140,"zhuboname":"Joan Gore","zhubophoto":"https://mock.kissu688.com/robot/img/80581967.jpeg"},"data":{"1":{"index":1,"time":0,"ntype":1,"yes":3,"no":14},"3":{"index":3,"time":25,"ntype":0},"4":{"index":4,"time":40,"ntype":0},"5":{"index":5,"time":59,"ntype":0},"6":{"index":6,"time":89,"ntype":0},"7":{"index":7,"time":107,"ntype":0},"8":{"index":8,"time":121,"ntype":0},"9":{"index":9,"time":143,"ntype":0},"10":{"index":10,"time":157,"ntype":0},"11":{"index":11,"time":172,"ntype":0},"12":{"index":12,"time":205,"ntype":0,"next":24},"14":{"index":14,"time":25,"ntype":0},"15":{"index":15,"time":44,"ntype":0},"16":{"index":16,"time":56,"ntype":0},"17":{"index":17,"time":76,"ntype":0},"18":{"index":18,"time":94,"ntype":0},"19":{"index":19,"time":108,"ntype":0},"20":{"index":20,"time":130,"ntype":0},"21":{"index":21,"time":138,"ntype":0},"22":{"index":22,"time":153,"ntype":0},"23":{"index":23,"time":186,"ntype":0}}},"10":{"vid":77,"time":1020,"index":10,"girl":{"zhuboid":5143,"zhuboname":"Yummyumee","zhubophoto":"https://mock.kissu688.com/robot/img/78914711.png"},"data":{"1":{"index":1,"time":0,"ntype":1,"yes":3,"no":9},"3":{"index":3,"time":17,"ntype":0},"4":{"index":4,"time":57,"ntype":0},"5":{"index":5,"time":65,"ntype":0},"6":{"index":6,"time":105,"ntype":0},"7":{"index":7,"time":130,"ntype":0,"next":14},"9":{"index":9,"time":17,"ntype":0},"10":{"index":10,"time":57,"ntype":0},"11":{"index":11,"time":65,"ntype":0},"12":{"index":12,"time":105,"ntype":0},"13":{"index":13,"time":130,"ntype":0}}},"11":{"vid":103,"time":1080,"index":11,"girl":{"zhuboid":5147,"zhuboname":"Lollipop 🍭","zhubophoto":"https://mock.kissu688.com/robot/img/80248443.jpeg"},"data":{"1":{"index":1,"time":0,"ntype":0},"2":{"index":2,"time":20,"ntype":0},"3":{"index":3,"time":52,"ntype":0},"4":{"index":4,"time":80,"ntype":0},"5":{"index":5,"time":115,"ntype":0}}},"12":{"vid":105,"time":71080,"index":12,"nextday":1,"girl":{"zhuboid":5149,"zhuboname":"Ruchi","zhubophoto":"https://mock.kissu688.com/robot/img/81503171.jpeg"},"data":{"1":{"index":1,"time":0,"ntype":0},"2":{"index":2,"time":20,"ntype":0},"3":{"index":3,"time":38,"ntype":0},"4":{"index":4,"time":62,"ntype":0},"5":{"index":5,"time":74,"ntype":0},"6":{"index":6,"time":92,"ntype":0},"7":{"index":7,"time":107,"ntype":0},"8":{"index":8,"time":147,"ntype":0}}},"13":{"vid":106,"time":71200,"index":13,"girl":{"zhuboid":5150,"zhuboname":"ZuNAîrAH 😍💗","zhubophoto":"https://mock.kissu688.com/robot/img/83446529.png"},"data":{"1":{"index":1,"time":0,"ntype":0},"2":{"index":2,"time":12,"ntype":0},"3":{"index":3,"time":20,"ntype":0},"4":{"index":4,"time":45,"ntype":0},"5":{"index":5,"time":60,"ntype":0},"6":{"index":6,"time":95,"ntype":0},"7":{"index":7,"time":123,"ntype":0}}},"14":{"vid":107,"time":71320,"index":14,"girl":{"zhuboid":5169,"zhuboname":"kajla 💋💋💋","zhubophoto":"https://mock.kissu688.com/robot/img/86872229.jpg"},"data":{"1":{"index":1,"time":0,"ntype":0},"2":{"index":2,"time":35,"ntype":0},"3":{"index":3,"time":62,"ntype":0},"4":{"index":4,"time":74,"ntype":0},"5":{"index":5,"time":92,"ntype":0},"6":{"index":6,"time":112,"ntype":0},"7":{"index":7,"time":137,"ntype":0},"8":{"index":8,"time":153,"ntype":0},"9":{"index":9,"time":165,"ntype":0}}},"15":{"vid":108,"time":71500,"index":15,"girl":{"zhuboid":5177,"zhuboname":"Toys ","zhubophoto":"https://mock.kissu688.com/robot/img/87409474.jpeg"},"data":{"1":{"index":1,"time":0,"ntype":0},"2":{"index":2,"time":18,"ntype":0},"3":{"index":3,"time":33,"ntype":0},"4":{"index":4,"time":53,"ntype":0},"5":{"index":5,"time":71,"ntype":0},"6":{"index":6,"time":96,"ntype":0},"7":{"index":7,"time":106,"ntype":0},"8":{"index":8,"time":114,"ntype":0},"9":{"index":9,"time":140,"ntype":0},"10":{"index":10,"time":158,"ntype":0}}},"16":{"vid":111,"time":71680,"index":16,"girl":{"zhuboid":5181,"zhuboname":"sully 🍓","zhubophoto":"https://mock.kissu688.com/robot/img/87418754.jpeg"},"data":{"1":{"index":1,"time":0,"ntype":1,"yes":3,"no":9},"3":{"index":3,"time":30,"ntype":0},"4":{"index":4,"time":70,"ntype":0},"5":{"index":5,"time":88,"ntype":0},"6":{"index":6,"time":123,"ntype":0},"7":{"index":7,"time":135,"ntype":0,"next":14},"9":{"index":9,"time":30,"ntype":0},"10":{"index":10,"time":70,"ntype":0},"11":{"index":11,"time":89,"ntype":0},"12":{"index":12,"time":124,"ntype":0},"13":{"index":13,"time":136,"ntype":0}}},"17":{"vid":109,"time":71800,"index":17,"girl":{"zhuboid":5185,"zhuboname":"jyaba dis","zhubophoto":"https://mock.kissu688.com/robot/img/89625757.jpg"},"data":{"1":{"index":1,"time":0,"ntype":0},"2":{"index":2,"time":18,"ntype":0},"3":{"index":3,"time":38,"ntype":0},"4":{"index":4,"time":50,"ntype":0},"5":{"index":5,"time":60,"ntype":0},"6":{"index":6,"time":75,"ntype":0},"7":{"index":7,"time":87,"ntype":0},"8":{"index":8,"time":122,"ntype":0}}},"18":{"vid":110,"time":72000,"index":18,"girl":{"zhuboid":5189,"zhuboname":"sexi girls","zhubophoto":"https://mock.kissu688.com/robot/img/89713491.jpg"},"data":{"1":{"index":1,"time":0,"ntype":0},"2":{"index":2,"time":20,"ntype":0},"3":{"index":3,"time":38,"ntype":0},"4":{"index":4,"time":50,"ntype":0},"5":{"index":5,"time":80,"ntype":0},"6":{"index":6,"time":92,"ntype":0},"7":{"index":7,"time":127,"ntype":0}}},"19":{"vid":112,"time":72180,"index":19,"girl":{"zhuboid":5192,"zhuboname":"deshana","zhubophoto":"https://mock.kissu688.com/robot/img/89763283.jpg"},"data":{"1":{"index":1,"time":0,"ntype":1,"yes":3,"no":10},"3":{"index":3,"time":30,"ntype":0},"4":{"index":4,"time":48,"ntype":0},"5":{"index":5,"time":68,"ntype":0},"6":{"index":6,"time":98,"ntype":0},"7":{"index":7,"time":123,"ntype":0},"8":{"index":8,"time":141,"ntype":0,"next":16},"10":{"index":10,"time":30,"ntype":0},"11":{"index":11,"time":48,"ntype":0},"12":{"index":12,"time":68,"ntype":0},"13":{"index":13,"time":98,"ntype":0},"14":{"index":14,"time":123,"ntype":0},"15":{"index":15,"time":141,"ntype":0}}},"20":{"vid":113,"time":72340,"index":20,"girl":{"zhuboid":5197,"zhuboname":"liveX 🔥","zhubophoto":"https://mock.kissu688.com/robot/img/89860059.jpeg"},"data":{"1":{"index":1,"time":0,"ntype":0},"2":{"index":2,"time":24,"ntype":0},"3":{"index":3,"time":52,"ntype":0},"4":{"index":4,"time":67,"ntype":0},"5":{"index":5,"time":89,"ntype":0},"6":{"index":6,"time":101,"ntype":0}}},"21":{"vid":114,"time":72540,"index":21,"girl":{"zhuboid":5199,"zhuboname":"Ezzay ","zhubophoto":"https://mock.kissu688.com/robot/img/90057386.jpg"},"data":{"1":{"index":1,"time":0,"ntype":1,"yes":3,"no":11},"3":{"index":3,"time":35,"ntype":0},"4":{"index":4,"time":53,"ntype":0},"5":{"index":5,"time":73,"ntype":0},"6":{"index":6,"time":109,"ntype":0},"7":{"index":7,"time":133,"ntype":0},"8":{"index":8,"time":168,"ntype":0},"9":{"index":9,"time":180,"ntype":0,"next":18},"11":{"index":11,"time":35,"ntype":0},"12":{"index":12,"time":53,"ntype":0},"13":{"index":13,"time":73,"ntype":0},"14":{"index":14,"time":91,"ntype":0},"15":{"index":15,"time":115,"ntype":0},"16":{"index":16,"time":150,"ntype":0},"17":{"index":17,"time":162,"ntype":0}}},"22":{"vid":71,"time":144540,"index":22,"nextday":1,"girl":{"zhuboid":5202,"zhuboname":"Lily Sharma ","zhubophoto":"https://mock.kissu688.com/robot/img/90546324.jpeg"},"data":{"1":{"index":1,"time":0,"ntype":0},"2":{"index":2,"time":23,"ntype":0},"3":{"index":3,"time":34,"ntype":0},"4":{"index":4,"time":67,"ntype":0},"5":{"index":5,"time":87,"ntype":0},"6":{"index":6,"time":102,"ntype":0},"7":{"index":7,"time":120,"ntype":0},"8":{"index":8,"time":142,"ntype":0},"9":{"index":9,"time":157,"ntype":0}}},"23":{"vid":73,"time":144620,"index":23,"girl":{"zhuboid":5204,"zhuboname":"Nehu00","zhubophoto":"https://mock.kissu688.com/robot/img/90733231.jpg"},"data":{"1":{"index":1,"time":0,"ntype":0},"2":{"index":2,"time":17,"ntype":0},"3":{"index":3,"time":31,"ntype":0},"4":{"index":4,"time":41,"ntype":0},"5":{"index":5,"time":86,"ntype":0},"6":{"index":6,"time":98,"ntype":0},"7":{"index":7,"time":120,"ntype":0}}},"24":{"vid":87,"time":144680,"index":24,"girl":{"zhuboid":5205,"zhuboname":"mohini ","zhubophoto":"https://mock.kissu688.com/robot/img/90870493.jpg"},"data":{"1":{"index":1,"time":0,"ntype":1,"yes":3,"no":8},"3":{"index":3,"time":45,"ntype":0},"4":{"index":4,"time":60,"ntype":0},"5":{"index":5,"time":80,"ntype":0},"6":{"index":6,"time":98,"ntype":0,"next":13},"8":{"index":8,"time":45,"ntype":0},"9":{"index":9,"time":60,"ntype":0},"10":{"index":10,"time":80,"ntype":0},"11":{"index":11,"time":98,"ntype":0},"12":{"index":12,"time":114,"ntype":0}}},"25":{"vid":76,"time":144740,"index":25,"girl":{"zhuboid":5209,"zhuboname":"Robiena","zhubophoto":"https://mock.kissu688.com/robot/img/90949800.jpg"},"data":{"1":{"index":1,"time":0,"ntype":0},"2":{"index":2,"time":20,"ntype":0},"3":{"index":3,"time":44,"ntype":0},"4":{"index":4,"time":76,"ntype":0},"5":{"index":5,"time":111,"ntype":0},"6":{"index":6,"time":125,"ntype":0}}},"26":{"vid":94,"time":144820,"index":26,"girl":{"zhuboid":5210,"zhuboname":"Anjali chakma","zhubophoto":"https://mock.kissu688.com/robot/img/90700413.jpg"},"data":{"1":{"index":1,"time":0,"ntype":0},"2":{"index":2,"time":15,"ntype":0},"3":{"index":3,"time":33,"ntype":0},"4":{"index":4,"time":53,"ntype":0},"5":{"index":5,"time":61,"ntype":0},"6":{"index":6,"time":81,"ntype":0},"7":{"index":7,"time":97,"ntype":0}}},"27":{"vid":83,"time":144940,"index":27,"girl":{"zhuboid":5211,"zhuboname":"jonie","zhubophoto":"https://mock.kissu688.com/robot/img/90945970.jpg"},"data":{"1":{"index":1,"time":0,"ntype":0},"2":{"index":2,"time":30,"ntype":0},"3":{"index":3,"time":63,"ntype":0},"4":{"index":4,"time":81,"ntype":0},"5":{"index":5,"time":93,"ntype":0},"6":{"index":6,"time":108,"ntype":0},"7":{"index":7,"time":133,"ntype":0},"8":{"index":8,"time":153,"ntype":0}}},"28":{"vid":85,"time":145120,"index":28,"girl":{"zhuboid":5212,"zhuboname":"Shomi","zhubophoto":"https://mock.kissu688.com/robot/img/89760953.jpg"},"data":{"1":{"index":1,"time":0,"ntype":1,"yes":3,"no":9},"3":{"index":3,"time":80,"ntype":0},"4":{"index":4,"time":92,"ntype":0},"5":{"index":5,"time":107,"ntype":0},"6":{"index":6,"time":119,"ntype":0},"7":{"index":7,"time":137,"ntype":0,"next":15},"9":{"index":9,"time":80,"ntype":0},"10":{"index":10,"time":98,"ntype":0},"11":{"index":11,"time":123,"ntype":0},"12":{"index":12,"time":141,"ntype":0},"13":{"index":13,"time":149,"ntype":0},"14":{"index":14,"time":159,"ntype":0}}},"29":{"vid":88,"time":145180,"index":29,"girl":{"zhuboid":5216,"zhuboname":"nisha","zhubophoto":"https://mock.kissu688.com/robot/img/91166607.jpg"},"data":{"1":{"index":1,"time":0,"ntype":0},"2":{"index":2,"time":45,"ntype":0},"3":{"index":3,"time":57,"ntype":0},"4":{"index":4,"time":87,"ntype":0}}},"30":{"vid":89,"time":145300,"index":30,"girl":{"zhuboid":5222,"zhuboname":"resme","zhubophoto":"https://mock.kissu688.com/robot/img/91324789.jpg"},"data":{"1":{"index":1,"time":0,"ntype":0},"2":{"index":2,"time":25,"ntype":0},"3":{"index":3,"time":43,"ntype":0},"4":{"index":4,"time":73,"ntype":0},"5":{"index":5,"time":85,"ntype":0},"6":{"index":6,"time":95,"ntype":0},"7":{"index":7,"time":110,"ntype":0},"8":{"index":8,"time":122,"ntype":0}}},"31":{"vid":90,"time":213300,"index":31,"nextday":1,"girl":{"zhuboid":5223,"zhuboname":"👑hotty Rubby","zhubophoto":"https://mock.kissu688.com/robot/img/76171268.jpeg"},"data":{"1":{"index":1,"time":0,"ntype":0},"2":{"index":2,"time":15,"ntype":0},"3":{"index":3,"time":27,"ntype":0},"4":{"index":4,"time":45,"ntype":0}}},"32":{"vid":91,"time":213360,"index":32,"girl":{"zhuboid":5227,"zhuboname":"REMI SING🥰😍","zhubophoto":"https://mock.kissu688.com/robot/img/91509882.jpeg"},"data":{"1":{"index":1,"time":0,"ntype":0},"2":{"index":2,"time":12,"ntype":0},"3":{"index":3,"time":27,"ntype":0},"4":{"index":4,"time":62,"ntype":0},"5":{"index":5,"time":70,"ntype":0},"6":{"index":6,"time":82,"ntype":0},"7":{"index":7,"time":92,"ntype":0},"8":{"index":8,"time":107,"ntype":0}}},"33":{"vid":92,"time":213440,"index":33,"girl":{"zhuboid":5230,"zhuboname":"Suparna","zhubophoto":"https://mock.kissu688.com/robot/img/91526448.jpeg"},"data":{"1":{"index":1,"time":0,"ntype":1,"yes":3,"no":10},"3":{"index":3,"time":35,"ntype":0},"4":{"index":4,"time":43,"ntype":0},"5":{"index":5,"time":55,"ntype":0},"6":{"index":6,"time":70,"ntype":0},"7":{"index":7,"time":92,"ntype":0},"8":{"index":8,"time":127,"ntype":0,"next":16},"10":{"index":10,"time":35,"ntype":0},"11":{"index":11,"time":43,"ntype":0},"12":{"index":12,"time":55,"ntype":0},"13":{"index":13,"time":70,"ntype":0},"14":{"index":14,"time":92,"ntype":0},"15":{"index":15,"time":127,"ntype":0}}},"34":{"vid":93,"time":213560,"index":34,"girl":{"zhuboid":5235,"zhuboname":"Bea","zhubophoto":"https://mock.kissu688.com/robot/img/91734650.jpeg"},"data":{"1":{"index":1,"time":0,"ntype":0},"2":{"index":2,"time":15,"ntype":0},"3":{"index":3,"time":35,"ntype":0},"4":{"index":4,"time":60,"ntype":0},"5":{"index":5,"time":78,"ntype":0},"6":{"index":6,"time":103,"ntype":0},"7":{"index":7,"time":125,"ntype":0},"8":{"index":8,"time":143,"ntype":0},"9":{"index":9,"time":155,"ntype":0}}},"35":{"vid":82,"time":213740,"index":35,"girl":{"zhuboid":5240,"zhuboname":"Rupali ❤️","zhubophoto":"https://mock.kissu688.com/robot/img/91981735.png"},"data":{"1":{"index":1,"time":0,"ntype":0},"2":{"index":2,"time":25,"ntype":0},"3":{"index":3,"time":43,"ntype":0},"4":{"index":4,"time":68,"ntype":0},"5":{"index":5,"time":80,"ntype":0},"6":{"index":6,"time":88,"ntype":0},"7":{"index":7,"time":103,"ntype":0},"8":{"index":8,"time":125,"ntype":0},"9":{"index":9,"time":137,"ntype":0}}},"36":{"vid":95,"time":213860,"index":36,"girl":{"zhuboid":5242,"zhuboname":"porani sharma","zhubophoto":"https://mock.kissu688.com/robot/img/92058091.jpg"},"data":{"1":{"index":1,"time":0,"ntype":1,"yes":3,"no":8},"3":{"index":3,"time":30,"ntype":0},"4":{"index":4,"time":48,"ntype":0},"5":{"index":5,"time":83,"ntype":0},"6":{"index":6,"time":103,"ntype":0,"next":12},"8":{"index":8,"time":30,"ntype":0},"9":{"index":9,"time":48,"ntype":0},"10":{"index":10,"time":76,"ntype":0},"11":{"index":11,"time":96,"ntype":0}}},"37":{"vid":96,"time":213980,"index":37,"girl":{"zhuboid":5243,"zhuboname":"Ruhi","zhubophoto":"https://mock.kissu688.com/robot/img/92071302.jpg"},"data":{"1":{"index":1,"time":0,"ntype":0},"2":{"index":2,"time":8,"ntype":0},"3":{"index":3,"time":20,"ntype":0},"4":{"index":4,"time":35,"ntype":0},"5":{"index":5,"time":55,"ntype":0},"6":{"index":6,"time":73,"ntype":0}}}},"chatinfo":{"74_2":{"vid":74,"msgindex":2,"seconds":25,"ntype":11,"msgtype":0,"content":"13","askstr":""},"114_4":{"vid":114,"msgindex":4,"seconds":20,"ntype":0,"msgtype":1,"content":"https://mock.kissu688.com/voice/cuteragini.jpg","askstr":""},"113_2":{"vid":113,"msgindex":2,"seconds":28,"ntype":0,"msgtype":0,"content":"I'm looking for help you","askstr":""},"110_6":{"vid":110,"msgindex":6,"seconds":35,"ntype":0,"msgtype":4,"content":"","askstr":""},"77_3":{"vid":77,"msgindex":3,"seconds":40,"ntype":0,"msgtype":0,"content":"Meaning you have a lot of technology experience","askstr":""},"71_2":{"vid":71,"msgindex":2,"seconds":11,"ntype":0,"msgtype":0,"content":"I want to talk to someone","askstr":""},"109_1":{"vid":109,"msgindex":1,"seconds":18,"ntype":0,"msgtype":0,"content":"In the app screen, we are showing a lot nearby","askstr":""},"99_3":{"vid":99,"msgindex":3,"seconds":26,"ntype":0,"msgtype":0,"content":"You can do 3 times","askstr":""},"71_1":{"vid":71,"msgindex":1,"seconds":23,"ntype":0,"msgtype":0,"content":"hi.","askstr":""},"108_7":{"vid":108,"msgindex":7,"seconds":8,"ntype":0,"msgtype":2,"content":"https://mock.kissu688.com/voice/DesiHousewife.m4a#DesiHousewife.m4a:6000","askstr":""},"100_1":{"vid":100,"msgindex":1,"seconds":14,"ntype":0,"msgtype":0,"content":"He was missing for so many days","askstr":""},"95_10":{"vid":95,"msgindex":10,"seconds":20,"ntype":0,"msgtype":0,"content":"Say, don't you like you good","askstr":""},"94_7":{"vid":94,"msgindex":7,"seconds":0,"ntype":0,"msgtype":2,"content":"https://mock.kissu688.com/voice/diya.m4a#diya.m4a:6000","askstr":""},"111_4":{"vid":111,"msgindex":4,"seconds":18,"ntype":0,"msgtype":0,"content":"I am 28 years ahead, beautiful and young, I am looking for a good boy of heart.","askstr":""},"114_11":{"vid":114,"msgindex":11,"seconds":18,"ntype":0,"msgtype":0,"content":"Hehey, Gundi","askstr":""},"98_4":{"vid":98,"msgindex":4,"seconds":18,"ntype":0,"msgtype":0,"content":"You will be my partner","askstr":""},"109_7":{"vid":109,"msgindex":7,"seconds":35,"ntype":0,"msgtype":4,"content":"","askstr":""},"111_12":{"vid":111,"msgindex":12,"seconds":12,"ntype":0,"msgtype":0,"content":"If you are in someone's search, then we make a call with one of the wisdom","askstr":""},"104_3":{"vid":104,"msgindex":3,"seconds":28,"ntype":0,"msgtype":0,"content":"I am also alone in my room. Are you alone too","askstr":""},"74_4":{"vid":74,"msgindex":4,"seconds":19,"ntype":0,"msgtype":0,"content":"My sister says it is very comfortable, is it true","askstr":""},"110_1":{"vid":110,"msgindex":1,"seconds":20,"ntype":0,"msgtype":0,"content":"hello","askstr":""},"87_7":{"vid":87,"msgindex":7,"seconds":45,"ntype":12,"msgtype":0,"content":"12","askstr":""},"73_5":{"vid":73,"msgindex":5,"seconds":12,"ntype":0,"msgtype":1,"content":"https://mock.kissu688.com/voice/Nitika.jpg","askstr":""},"89_7":{"vid":89,"msgindex":7,"seconds":12,"ntype":0,"msgtype":0,"content":"I am a devour, I also need something","askstr":""},"112_5":{"vid":112,"msgindex":5,"seconds":30,"ntype":0,"msgtype":2,"content":"https://mock.kissu688.com/voice/pakis.m4a#pakis.m4a:6000","askstr":""},"83_1":{"vid":83,"msgindex":1,"seconds":30,"ntype":0,"msgtype":0,"content":"How do you use these apps, please don't tell me","askstr":""},"94_3":{"vid":94,"msgindex":3,"seconds":20,"ntype":0,"msgtype":0,"content":"Do you talk about now","askstr":""},"105_2":{"vid":105,"msgindex":2,"seconds":18,"ntype":0,"msgtype":0,"content":"I loved my heart buff","askstr":""},"95_7":{"vid":95,"msgindex":7,"seconds":30,"ntype":12,"msgtype":0,"content":"11","askstr":""},"107_1":{"vid":107,"msgindex":1,"seconds":35,"ntype":0,"msgtype":0,"content":"Do you want to be my sex partner","askstr":""},"103_5":{"vid":103,"msgindex":5,"seconds":0,"ntype":0,"msgtype":0,"content":"You receive the call, man, I think of you darlu, but you too","askstr":""},"104_8":{"vid":104,"msgindex":8,"seconds":8,"ntype":0,"msgtype":0,"content":"Me sexy hoon","askstr":""},"99_5":{"vid":99,"msgindex":5,"seconds":12,"ntype":0,"msgtype":2,"content":"https://mock.kissu688.com/voice/Lovely1.m4a#Lovely1.m4a:7000","askstr":""},"91_1":{"vid":91,"msgindex":1,"seconds":12,"ntype":0,"msgtype":0,"content":"Hiiii","askstr":""},"92_15":{"vid":92,"msgindex":15,"seconds":0,"ntype":0,"msgtype":0,"content":"Why not hear","askstr":""},"93_8":{"vid":93,"msgindex":8,"seconds":12,"ntype":0,"msgtype":0,"content":"You will not become","askstr":""},"85_2":{"vid":85,"msgindex":2,"seconds":80,"ntype":11,"msgtype":0,"content":"8","askstr":""},"84_1":{"vid":84,"msgindex":1,"seconds":0,"ntype":1,"msgtype":0,"content":"Are you married","askstr":"Yes#No"},"98_1":{"vid":98,"msgindex":1,"seconds":25,"ntype":0,"msgtype":0,"content":"Hee, do not say what","askstr":""},"109_3":{"vid":109,"msgindex":3,"seconds":12,"ntype":0,"msgtype":0,"content":"You want to join","askstr":""},"71_6":{"vid":71,"msgindex":6,"seconds":18,"ntype":0,"msgtype":2,"content":"https://mock.kissu688.com/voice/Jaishnavi1.m4a#Jaishnavi1.m4a:6000","askstr":""},"107_6":{"vid":107,"msgindex":6,"seconds":25,"ntype":0,"msgtype":0,"content":"I'm afraid that you are not quite strong","askstr":""},"111_6":{"vid":111,"msgindex":6,"seconds":12,"ntype":0,"msgtype":0,"content":"If you are in someone's search, then we make a call with one of the wisdom","askstr":""},"74_18":{"vid":74,"msgindex":18,"seconds":14,"ntype":0,"msgtype":1,"content":"https://mock.kissu688.com/voice/dkandq.jpg","askstr":""},"74_17":{"vid":74,"msgindex":17,"seconds":18,"ntype":0,"msgtype":0,"content":"You. , What can you help","askstr":""},"103_2":{"vid":103,"msgindex":2,"seconds":32,"ntype":0,"msgtype":0,"content":"I will talk to you by calling you Darlu, no problem","askstr":""},"102_4":{"vid":102,"msgindex":4,"seconds":15,"ntype":0,"msgtype":0,"content":"But you have to pay some money","askstr":""},"73_7":{"vid":73,"msgindex":7,"seconds":0,"ntype":0,"msgtype":0,"content":"did you see","askstr":""},"89_3":{"vid":89,"msgindex":3,"seconds":30,"ntype":0,"msgtype":0,"content":"1 day I have left the first child's home home","askstr":""},"76_2":{"vid":76,"msgindex":2,"seconds":24,"ntype":0,"msgtype":0,"content":"I believe in my lap, I want to see what kind of person you are. Can you talk on voice calls","askstr":""},"98_3":{"vid":98,"msgindex":3,"seconds":10,"ntype":0,"msgtype":0,"content":"Shri Am So Sad with My Life, My Husband does not love","askstr":""},"114_10":{"vid":114,"msgindex":10,"seconds":35,"ntype":12,"msgtype":0,"content":"17","askstr":""},"108_3":{"vid":108,"msgindex":3,"seconds":20,"ntype":0,"msgtype":0,"content":"Near or far away","askstr":""},"87_4":{"vid":87,"msgindex":4,"seconds":20,"ntype":0,"msgtype":1,"content":"https://mock.kissu688.com/voice/Vijayalakshmi.jpg","askstr":""},"74_19":{"vid":74,"msgindex":19,"seconds":22,"ntype":0,"msgtype":0,"content":"How is my back, like it is whatsapp number two","askstr":""},"102_3":{"vid":102,"msgindex":3,"seconds":18,"ntype":0,"msgtype":0,"content":"I am boring, want to talk some romantic things","askstr":""},"76_1":{"vid":76,"msgindex":1,"seconds":20,"ntype":0,"msgtype":0,"content":"Hey, this app recommends you, it is also good for us","askstr":""},"89_1":{"vid":89,"msgindex":1,"seconds":25,"ntype":0,"msgtype":0,"content":"Hello, do you have time, talk for a while","askstr":""},"71_9":{"vid":71,"msgindex":9,"seconds":0,"ntype":0,"msgtype":2,"content":"https://mock.kissu688.com/voice/Jaishnavi2.m4a#Jaishnavi2.m4a:6000","askstr":""},"110_5":{"vid":110,"msgindex":5,"seconds":12,"ntype":0,"msgtype":0,"content":"Like you can speak with sexy voice","askstr":""},"107_5":{"vid":107,"msgindex":5,"seconds":20,"ntype":0,"msgtype":0,"content":"This is my back, please send you too","askstr":""},"100_3":{"vid":100,"msgindex":3,"seconds":8,"ntype":0,"msgtype":0,"content":"Living in a rented apartment ...","askstr":""},"77_7":{"vid":77,"msgindex":7,"seconds":0,"ntype":0,"msgtype":0,"content":"Why are you silent, are you afraid","askstr":""},"107_8":{"vid":107,"msgindex":8,"seconds":12,"ntype":0,"msgtype":0,"content":"He was also happy","askstr":""},"87_1":{"vid":87,"msgindex":1,"seconds":0,"ntype":1,"msgtype":0,"content":"Do you like a girl with big or small breast","askstr":"Big#small"},"102_6":{"vid":102,"msgindex":6,"seconds":14,"ntype":0,"msgtype":1,"content":"https://mock.kissu688.com/voice/rohiniudupp.jpg","askstr":""},"83_3":{"vid":83,"msgindex":3,"seconds":18,"ntype":0,"msgtype":0,"content":"What happened why are you not receiving calls","askstr":""},"92_3":{"vid":92,"msgindex":3,"seconds":8,"ntype":0,"msgtype":0,"content":"Not seen","askstr":""},"84_10":{"vid":84,"msgindex":10,"seconds":23,"ntype":0,"msgtype":0,"content":"If you are not fan, then we can share things with free","askstr":""},"102_9":{"vid":102,"msgindex":9,"seconds":0,"ntype":0,"msgtype":0,"content":"If you are free then can we talk","askstr":""},"108_1":{"vid":108,"msgindex":1,"seconds":18,"ntype":0,"msgtype":0,"content":"hello handsome","askstr":""},"106_6":{"vid":106,"msgindex":6,"seconds":28,"ntype":0,"msgtype":0,"content":"Call toh race","askstr":""},"108_2":{"vid":108,"msgindex":2,"seconds":15,"ntype":0,"msgtype":0,"content":"You know where to find a condom around","askstr":""},"84_2":{"vid":84,"msgindex":2,"seconds":45,"ntype":11,"msgtype":0,"content":"9","askstr":""},"82_3":{"vid":82,"msgindex":3,"seconds":25,"ntype":0,"msgtype":0,"content":"I want a strong person who can keep me happy","askstr":""},"74_11":{"vid":74,"msgindex":11,"seconds":33,"ntype":0,"msgtype":4,"content":"","askstr":""},"92_6":{"vid":92,"msgindex":6,"seconds":22,"ntype":0,"msgtype":2,"content":"https://mock.kissu688.com/voice/tina.m4a#tina.m4a:4000","askstr":""},"100_6":{"vid":100,"msgindex":6,"seconds":0,"ntype":0,"msgtype":0,"content":"I am looking for a person who gives both love and happiness","askstr":""},"107_2":{"vid":107,"msgindex":2,"seconds":27,"ntype":0,"msgtype":0,"content":"I'm not a bad girl, i just like this feeling","askstr":""},"114_2":{"vid":114,"msgindex":2,"seconds":35,"ntype":11,"msgtype":0,"content":"10","askstr":""},"95_11":{"vid":95,"msgindex":11,"seconds":0,"ntype":0,"msgtype":1,"content":"https://mock.kissu688.com/voice/Malika.jpg","askstr":""},"111_1":{"vid":111,"msgindex":1,"seconds":30,"ntype":1,"msgtype":0,"content":"Have you dated or searching with someone here","askstr":"Have dated#I am looking for"},"85_6":{"vid":85,"msgindex":6,"seconds":18,"ntype":0,"msgtype":0,"content":"I am proud of my figure","askstr":""},"85_12":{"vid":85,"msgindex":12,"seconds":8,"ntype":0,"msgtype":0,"content":"Say you want to see, don't speak quickly","askstr":""},"74_15":{"vid":74,"msgindex":15,"seconds":12,"ntype":0,"msgtype":0,"content":"Chala went on, my sister says it is very comfortable, is it true","askstr":""},"76_3":{"vid":76,"msgindex":3,"seconds":32,"ntype":0,"msgtype":0,"content":"Whether you can know more, such as dating.","askstr":""},"112_6":{"vid":112,"msgindex":6,"seconds":25,"ntype":0,"msgtype":0,"content":"Next Wednsade is my birthday, I want to spend time with someone","askstr":""},"102_7":{"vid":102,"msgindex":7,"seconds":35,"ntype":0,"msgtype":4,"content":"","askstr":""},"100_4":{"vid":100,"msgindex":4,"seconds":22,"ntype":0,"msgtype":0,"content":"When do you have time","askstr":""},"87_8":{"vid":87,"msgindex":8,"seconds":15,"ntype":0,"msgtype":0,"content":"What do you like breast size","askstr":""},"74_21":{"vid":74,"msgindex":21,"seconds":15,"ntype":0,"msgtype":0,"content":"Why don't you speak","askstr":""},"76_5":{"vid":76,"msgindex":5,"seconds":14,"ntype":0,"msgtype":0,"content":"Receive the call, I do not see anyone's looks, I am talking to my heart, I am ahead","askstr":""},"93_1":{"vid":93,"msgindex":1,"seconds":15,"ntype":0,"msgtype":0,"content":"hi..","askstr":""},"114_7":{"vid":114,"msgindex":7,"seconds":35,"ntype":0,"msgtype":0,"content":"I live near, are you more distance from here","askstr":""},"114_3":{"vid":114,"msgindex":3,"seconds":18,"ntype":0,"msgtype":0,"content":"Hey say what I said to you","askstr":""},"102_2":{"vid":102,"msgindex":2,"seconds":22,"ntype":0,"msgtype":0,"content":"You want to do something","askstr":""},"98_9":{"vid":98,"msgindex":9,"seconds":10,"ntype":0,"msgtype":0,"content":"If you want to see, then you will send a video call, I will send my back, do not give it to anyone","askstr":""},"84_5":{"vid":84,"msgindex":5,"seconds":17,"ntype":0,"msgtype":0,"content":"Weekend Night has a plan or not","askstr":""},"93_7":{"vid":93,"msgindex":7,"seconds":18,"ntype":0,"msgtype":0,"content":"For just a few days","askstr":""},"114_6":{"vid":114,"msgindex":6,"seconds":24,"ntype":0,"msgtype":0,"content":", I mean to see if you are really a Danger","askstr":""},"85_5":{"vid":85,"msgindex":5,"seconds":12,"ntype":0,"msgtype":0,"content":"What do you think of me","askstr":""},"113_5":{"vid":113,"msgindex":5,"seconds":12,"ntype":0,"msgtype":0,"content":"If you feel that it's fine, then man in help","askstr":""},"114_5":{"vid":114,"msgindex":5,"seconds":36,"ntype":0,"msgtype":0,"content":"Do you want to spend the night with me","askstr":""},"112_13":{"vid":112,"msgindex":13,"seconds":25,"ntype":0,"msgtype":0,"content":"Next Wednsade is my birthday, I want to spend time with someone","askstr":""},"98_5":{"vid":98,"msgindex":5,"seconds":15,"ntype":0,"msgtype":0,"content":"I also have a problem of money, make me suttisi and stay with me","askstr":""},"98_6":{"vid":98,"msgindex":6,"seconds":18,"ntype":0,"msgtype":0,"content":"My husband is not at home for a few days","askstr":""},"85_10":{"vid":85,"msgindex":10,"seconds":25,"ntype":0,"msgtype":0,"content":"I am very proud of my figure","askstr":""},"94_4":{"vid":94,"msgindex":4,"seconds":8,"ntype":0,"msgtype":0,"content":"Don't you want to meet me","askstr":""},"73_4":{"vid":73,"msgindex":4,"seconds":45,"ntype":0,"msgtype":0,"content":"I am not a family from this place, and I have no kalleugus v.","askstr":""},"111_9":{"vid":111,"msgindex":9,"seconds":40,"ntype":0,"msgtype":0,"content":"Do you not lie to many people come here for direct sex partners","askstr":""},"72_3":{"vid":72,"msgindex":3,"seconds":8,"ntype":0,"msgtype":0,"content":"I want to do my sister and my sister, this is our first time","askstr":""},"77_10":{"vid":77,"msgindex":10,"seconds":8,"ntype":0,"msgtype":1,"content":"https://mock.kissu688.com/voice/seemaaunty.jpg","askstr":""},"74_5":{"vid":74,"msgindex":5,"seconds":30,"ntype":0,"msgtype":0,"content":"Ok ok hai","askstr":""},"105_4":{"vid":105,"msgindex":4,"seconds":12,"ntype":0,"msgtype":0,"content":"I'm looking for a partner, is I not a partner of my dream","askstr":""},"87_10":{"vid":87,"msgindex":10,"seconds":18,"ntype":0,"msgtype":0,"content":"Brests are big or not","askstr":""},"112_11":{"vid":112,"msgindex":11,"seconds":20,"ntype":0,"msgtype":1,"content":"https://mock.kissu688.com/voice/pakistanigirls.jpg","askstr":""},"105_6":{"vid":105,"msgindex":6,"seconds":15,"ntype":0,"msgtype":0,"content":"I can make you happy","askstr":""},"110_4":{"vid":110,"msgindex":4,"seconds":30,"ntype":0,"msgtype":1,"content":"https://mock.kissu688.com/voice/snehaarora.jpg","askstr":""},"90_3":{"vid":90,"msgindex":3,"seconds":18,"ntype":0,"msgtype":0,"content":"Nothing speak man","askstr":""},"110_3":{"vid":110,"msgindex":3,"seconds":12,"ntype":0,"msgtype":0,"content":"Look at my back","askstr":""},"102_1":{"vid":102,"msgindex":1,"seconds":10,"ntype":0,"msgtype":0,"content":"Dude very boring","askstr":""},"85_3":{"vid":85,"msgindex":3,"seconds":12,"ntype":0,"msgtype":0,"content":"You want to see seeing you see 100 % good","askstr":""},"104_9":{"vid":104,"msgindex":9,"seconds":0,"ntype":0,"msgtype":0,"content":"Reply do not know","askstr":""},"74_13":{"vid":74,"msgindex":13,"seconds":25,"ntype":12,"msgtype":0,"content":"23","askstr":""},"82_1":{"vid":82,"msgindex":1,"seconds":25,"ntype":0,"msgtype":0,"content":"Hello, is online or not","askstr":""},"93_6":{"vid":93,"msgindex":6,"seconds":22,"ntype":0,"msgtype":2,"content":"https://mock.kissu688.com/voice/priya.m4a#priya.m4a:4000","askstr":""},"74_9":{"vid":74,"msgindex":9,"seconds":14,"ntype":0,"msgtype":0,"content":"You will talk well, so we can talk together outside","askstr":""},"90_4":{"vid":90,"msgindex":4,"seconds":0,"ntype":0,"msgtype":0,"content":"Some praise is done now","askstr":""},"111_5":{"vid":111,"msgindex":5,"seconds":35,"ntype":0,"msgtype":1,"content":"https://mock.kissu688.com/voice/bestindiantalent.jpg","askstr":""},"74_8":{"vid":74,"msgindex":8,"seconds":22,"ntype":0,"msgtype":0,"content":"How is my back, like it, it is whatsapp number two","askstr":""},"112_7":{"vid":112,"msgindex":7,"seconds":18,"ntype":0,"msgtype":0,"content":"Can you celebrate a birthday with me","askstr":""},"82_7":{"vid":82,"msgindex":7,"seconds":22,"ntype":0,"msgtype":0,"content":"I am beautiful","askstr":""},"92_12":{"vid":92,"msgindex":12,"seconds":15,"ntype":0,"msgtype":0,"content":"kaisa","askstr":""},"83_7":{"vid":83,"msgindex":7,"seconds":20,"ntype":0,"msgtype":0,"content":"Are you getting up hanging, why don't you receive","askstr":""},"112_9":{"vid":112,"msgindex":9,"seconds":30,"ntype":12,"msgtype":0,"content":"15","askstr":""},"84_4":{"vid":84,"msgindex":4,"seconds":25,"ntype":0,"msgtype":0,"content":"If you talk well, no one can meet","askstr":""},"91_7":{"vid":91,"msgindex":7,"seconds":15,"ntype":0,"msgtype":0,"content":"I will call again, sing my call","askstr":""},"90_2":{"vid":90,"msgindex":2,"seconds":12,"ntype":0,"msgtype":0,"content":"What is your name","askstr":""},"104_6":{"vid":104,"msgindex":6,"seconds":15,"ntype":0,"msgtype":1,"content":"https://mock.kissu688.com/voice/trendingsareebeauties.jpg","askstr":""},"82_8":{"vid":82,"msgindex":8,"seconds":12,"ntype":0,"msgtype":0,"content":"Are you online or not, don't you want to meet me","askstr":""},"111_10":{"vid":111,"msgindex":10,"seconds":19,"ntype":0,"msgtype":0,"content":"I am 28 years ahead, beautiful and young, I am looking for a good boy of heart.","askstr":""},"109_5":{"vid":109,"msgindex":5,"seconds":15,"ntype":0,"msgtype":0,"content":"mera hip fit n fine  he","askstr":""},"76_4":{"vid":76,"msgindex":4,"seconds":35,"ntype":0,"msgtype":4,"content":"","askstr":""},"104_7":{"vid":104,"msgindex":7,"seconds":35,"ntype":0,"msgtype":4,"content":"","askstr":""},"112_2":{"vid":112,"msgindex":2,"seconds":30,"ntype":11,"msgtype":0,"content":"9","askstr":""},"74_14":{"vid":74,"msgindex":14,"seconds":19,"ntype":0,"msgtype":0,"content":"I don't even know","askstr":""},"91_6":{"vid":91,"msgindex":6,"seconds":10,"ntype":0,"msgtype":0,"content":"Do not pick up","askstr":""},"84_15":{"vid":84,"msgindex":15,"seconds":0,"ntype":0,"msgtype":0,"content":"If you want, then OK cell phone number two","askstr":""},"93_9":{"vid":93,"msgindex":9,"seconds":0,"ntype":0,"msgtype":4,"content":"","askstr":""},"96_5":{"vid":96,"msgindex":5,"seconds":18,"ntype":0,"msgtype":0,"content":"When can we meet","askstr":""},"95_3":{"vid":95,"msgindex":3,"seconds":18,"ntype":0,"msgtype":0,"content":"haan","askstr":""},"92_8":{"vid":92,"msgindex":8,"seconds":0,"ntype":0,"msgtype":0,"content":"Why not hear","askstr":""},"91_3":{"vid":91,"msgindex":3,"seconds":35,"ntype":0,"msgtype":4,"content":"","askstr":""},"111_8":{"vid":111,"msgindex":8,"seconds":30,"ntype":12,"msgtype":0,"content":"13","askstr":""},"77_12":{"vid":77,"msgindex":12,"seconds":25,"ntype":0,"msgtype":0,"content":"I am afraid to see your body","askstr":""},"102_8":{"vid":102,"msgindex":8,"seconds":14,"ntype":0,"msgtype":0,"content":"Are you your Whatsapp? Dose","askstr":""},"84_6":{"vid":84,"msgindex":6,"seconds":23,"ntype":0,"msgtype":0,"content":"We can also meet in weekend","askstr":""},"106_3":{"vid":106,"msgindex":3,"seconds":25,"ntype":0,"msgtype":0,"content":"How am I","askstr":""},"84_11":{"vid":84,"msgindex":11,"seconds":16,"ntype":0,"msgtype":0,"content":"If you talk well then no one can meet","askstr":""},"114_13":{"vid":114,"msgindex":13,"seconds":18,"ntype":0,"msgtype":0,"content":"Do you think I'm a strong girl","askstr":""},"95_8":{"vid":95,"msgindex":8,"seconds":18,"ntype":0,"msgtype":0,"content":"where do you work","askstr":""},"114_8":{"vid":114,"msgindex":8,"seconds":12,"ntype":0,"msgtype":0,"content":"I am not able to get out of the vigor of the corona virus, are you afraid, can you make a video call","askstr":""},"91_8":{"vid":91,"msgindex":8,"seconds":33,"ntype":0,"msgtype":4,"content":"","askstr":""},"89_6":{"vid":89,"msgindex":6,"seconds":15,"ntype":0,"msgtype":0,"content":"This is my old back","askstr":""},"103_3":{"vid":103,"msgindex":3,"seconds":28,"ntype":0,"msgtype":0,"content":"Darlu i want to have sex with you","askstr":""},"108_4":{"vid":108,"msgindex":4,"seconds":18,"ntype":0,"msgtype":0,"content":"Going a girl to buy a condom is not safety","askstr":""},"111_7":{"vid":111,"msgindex":7,"seconds":0,"ntype":0,"msgtype":0,"content":"Are you free for me","askstr":""},"105_7":{"vid":105,"msgindex":7,"seconds":40,"ntype":0,"msgtype":4,"content":"","askstr":""},"109_6":{"vid":109,"msgindex":6,"seconds":12,"ntype":0,"msgtype":0,"content":"You want to say, I send the number","askstr":""},"92_10":{"vid":92,"msgindex":10,"seconds":8,"ntype":0,"msgtype":0,"content":"Not seen","askstr":""},"84_13":{"vid":84,"msgindex":13,"seconds":17,"ntype":0,"msgtype":0,"content":"We can also meet in weekend","askstr":""},"99_1":{"vid":99,"msgindex":1,"seconds":12,"ntype":0,"msgtype":0,"content":"What are you","askstr":""},"74_12":{"vid":74,"msgindex":12,"seconds":0,"ntype":0,"msgtype":0,"content":"hello","askstr":""},"85_9":{"vid":85,"msgindex":9,"seconds":18,"ntype":0,"msgtype":0,"content":"If you don't like it, then I will do the show","askstr":""},"87_9":{"vid":87,"msgindex":9,"seconds":20,"ntype":0,"msgtype":1,"content":"https://mock.kissu688.com/voice/Vijayalakshmi.jpg","askstr":""},"105_3":{"vid":105,"msgindex":3,"seconds":24,"ntype":0,"msgtype":0,"content":"I like this kind of this kind","askstr":""},"107_4":{"vid":107,"msgindex":4,"seconds":18,"ntype":0,"msgtype":1,"content":"https://mock.kissu688.com/voice/drishtinayan.jpg","askstr":""},"82_6":{"vid":82,"msgindex":6,"seconds":15,"ntype":0,"msgtype":1,"content":"https://mock.kissu688.com/voice/Aashvi.jpg","askstr":""},"89_8":{"vid":89,"msgindex":8,"seconds":0,"ntype":0,"msgtype":0,"content":"Do you think I am acquitted ahead","askstr":""},"106_5":{"vid":106,"msgindex":5,"seconds":35,"ntype":0,"msgtype":4,"content":"","askstr":""},"114_1":{"vid":114,"msgindex":1,"seconds":35,"ntype":1,"msgtype":0,"content":"Do you think you have more sexual ability","askstr":"Yes#No"},"111_3":{"vid":111,"msgindex":3,"seconds":40,"ntype":0,"msgtype":0,"content":"I have nothing to speak","askstr":""},"77_2":{"vid":77,"msgindex":2,"seconds":17,"ntype":11,"msgtype":0,"content":"8","askstr":""},"88_1":{"vid":88,"msgindex":1,"seconds":45,"ntype":0,"msgtype":0,"content":"hello","askstr":""},"114_17":{"vid":114,"msgindex":17,"seconds":0,"ntype":0,"msgtype":2,"content":"https://mock.kissu688.com/voice/cuteragini.m4a#cuteragini.m4a:3000","askstr":""},"91_4":{"vid":91,"msgindex":4,"seconds":8,"ntype":0,"msgtype":0,"content":"You don't pick up my phone","askstr":""},"107_7":{"vid":107,"msgindex":7,"seconds":16,"ntype":0,"msgtype":0,"content":"I have introduced two boys together at the same time","askstr":""},"74_16":{"vid":74,"msgindex":16,"seconds":20,"ntype":0,"msgtype":0,"content":"Ok ok hai","askstr":""},"103_4":{"vid":103,"msgindex":4,"seconds":35,"ntype":0,"msgtype":4,"content":"","askstr":""},"96_6":{"vid":96,"msgindex":6,"seconds":0,"ntype":0,"msgtype":0,"content":"I want to hear your voice","askstr":""},"92_4":{"vid":92,"msgindex":4,"seconds":12,"ntype":0,"msgtype":0,"content":"Look at","askstr":""},"89_4":{"vid":89,"msgindex":4,"seconds":12,"ntype":0,"msgtype":0,"content":"I need 1 man who can support me for 2 days, because I have been here for 1 year","askstr":""},"76_6":{"vid":76,"msgindex":6,"seconds":0,"ntype":0,"msgtype":0,"content":"Hey","askstr":""},"72_1":{"vid":72,"msgindex":1,"seconds":12,"ntype":0,"msgtype":0,"content":"You know what is threesome","askstr":""},"82_2":{"vid":82,"msgindex":2,"seconds":18,"ntype":0,"msgtype":0,"content":"I have not loved anyone for a long time, now I am upset with my life","askstr":""},"82_9":{"vid":82,"msgindex":9,"seconds":0,"ntype":0,"msgtype":4,"content":"","askstr":""},"83_8":{"vid":83,"msgindex":8,"seconds":0,"ntype":0,"msgtype":0,"content":"You are a liar, was wasting time","askstr":""},"94_6":{"vid":94,"msgindex":6,"seconds":16,"ntype":0,"msgtype":0,"content":"Give your number","askstr":""},"99_2":{"vid":99,"msgindex":2,"seconds":15,"ntype":0,"msgtype":1,"content":"https://mock.kissu688.com/voice/LovelyPrincess.jpg","askstr":""},"72_6":{"vid":72,"msgindex":6,"seconds":12,"ntype":0,"msgtype":0,"content":"Why is silent","askstr":""},"100_5":{"vid":100,"msgindex":5,"seconds":20,"ntype":0,"msgtype":0,"content":"I can come to your address if you don't mind","askstr":""},"95_2":{"vid":95,"msgindex":2,"seconds":30,"ntype":11,"msgtype":0,"content":"7","askstr":""},"77_6":{"vid":77,"msgindex":6,"seconds":25,"ntype":0,"msgtype":0,"content":"I am afraid to see your body","askstr":""},"88_3":{"vid":88,"msgindex":3,"seconds":30,"ntype":0,"msgtype":1,"content":"https://mock.kissu688.com/voice/juvina.jpg","askstr":""},"99_4":{"vid":99,"msgindex":4,"seconds":10,"ntype":0,"msgtype":0,"content":"I am not much bootful, but my sex ability is more, the normal person cannot fulfill","askstr":""},"84_8":{"vid":84,"msgindex":8,"seconds":0,"ntype":0,"msgtype":0,"content":"If you want, then OK cell phone number two","askstr":""},"92_1":{"vid":92,"msgindex":1,"seconds":0,"ntype":1,"msgtype":0,"content":"Did you see anything","askstr":"Yes#No"},"83_4":{"vid":83,"msgindex":4,"seconds":12,"ntype":0,"msgtype":1,"content":"https://mock.kissu688.com/voice/Indumati.jpg","askstr":""},"92_11":{"vid":92,"msgindex":11,"seconds":12,"ntype":0,"msgtype":0,"content":"Look at","askstr":""},"83_2":{"vid":83,"msgindex":2,"seconds":33,"ntype":0,"msgtype":4,"content":"","askstr":""},"85_7":{"vid":85,"msgindex":7,"seconds":0,"ntype":0,"msgtype":0,"content":"Want to video with me","askstr":""},"94_2":{"vid":94,"msgindex":2,"seconds":18,"ntype":0,"msgtype":0,"content":"A cup coffee with me","askstr":""},"95_1":{"vid":95,"msgindex":1,"seconds":0,"ntype":1,"msgtype":0,"content":"Have you seen me somewhere","askstr":"I also feel like#No"},"71_7":{"vid":71,"msgindex":7,"seconds":22,"ntype":0,"msgtype":0,"content":"You will talk well, so we can talk together outside","askstr":""},"93_5":{"vid":93,"msgindex":5,"seconds":25,"ntype":0,"msgtype":0,"content":"I do not understand what Karu","askstr":""},"113_6":{"vid":113,"msgindex":6,"seconds":0,"ntype":0,"msgtype":2,"content":"https://mock.kissu688.com/voice/rajwanshi.m4a#rajwanshi.m4a:4000","askstr":""},"113_3":{"vid":113,"msgindex":3,"seconds":15,"ntype":0,"msgtype":0,"content":"You will not fulfill my full need","askstr":""},"71_4":{"vid":71,"msgindex":4,"seconds":20,"ntype":0,"msgtype":0,"content":"Gunu, why are you not receiving calls","askstr":""},"77_13":{"vid":77,"msgindex":13,"seconds":0,"ntype":0,"msgtype":0,"content":"Why are you silent, are you afraid","askstr":""},"74_23":{"vid":74,"msgindex":23,"seconds":0,"ntype":0,"msgtype":0,"content":"hello","askstr":""},"107_3":{"vid":107,"msgindex":3,"seconds":12,"ntype":0,"msgtype":0,"content":"I hoped that you will not tell anyone about it","askstr":""},"92_13":{"vid":92,"msgindex":13,"seconds":22,"ntype":0,"msgtype":2,"content":"https://mock.kissu688.com/voice/tina.m4a#tina.m4a:4000","askstr":""},"92_7":{"vid":92,"msgindex":7,"seconds":35,"ntype":0,"msgtype":4,"content":"","askstr":""},"72_5":{"vid":72,"msgindex":5,"seconds":10,"ntype":0,"msgtype":1,"content":"https://mock.kissu688.com/voice/ankita.jpg","askstr":""},"84_14":{"vid":84,"msgindex":14,"seconds":23,"ntype":0,"msgtype":0,"content":"Do you want to date with me","askstr":""},"113_1":{"vid":113,"msgindex":1,"seconds":24,"ntype":0,"msgtype":0,"content":"free you have","askstr":""},"74_6":{"vid":74,"msgindex":6,"seconds":18,"ntype":0,"msgtype":0,"content":"You. , What can you help","askstr":""},"87_2":{"vid":87,"msgindex":2,"seconds":45,"ntype":11,"msgtype":0,"content":"7","askstr":""},"112_3":{"vid":112,"msgindex":3,"seconds":18,"ntype":0,"msgtype":2,"content":"https://mock.kissu688.com/voice/pakis1.m4a#pakis1.m4a:7000","askstr":""},"91_5":{"vid":91,"msgindex":5,"seconds":12,"ntype":0,"msgtype":0,"content":"Why","askstr":""},"74_3":{"vid":74,"msgindex":3,"seconds":15,"ntype":0,"msgtype":0,"content":"How do you know how it is!","askstr":""},"72_2":{"vid":72,"msgindex":2,"seconds":22,"ntype":0,"msgtype":0,"content":"Meaning 2 girls and a boy do together ..","askstr":""},"106_2":{"vid":106,"msgindex":2,"seconds":8,"ntype":0,"msgtype":1,"content":"https://mock.kissu688.com/voice/chitranshirawat.jpg","askstr":""},"96_2":{"vid":96,"msgindex":2,"seconds":12,"ntype":0,"msgtype":0,"content":"What are you doing","askstr":""},"108_6":{"vid":108,"msgindex":6,"seconds":10,"ntype":0,"msgtype":1,"content":"https://mock.kissu688.com/voice/DesiHousewife.jpg","askstr":""},"87_3":{"vid":87,"msgindex":3,"seconds":15,"ntype":0,"msgtype":0,"content":"My chests are not big","askstr":""},"92_5":{"vid":92,"msgindex":5,"seconds":15,"ntype":0,"msgtype":0,"content":"kaisa","askstr":""},"89_2":{"vid":89,"msgindex":2,"seconds":18,"ntype":0,"msgtype":0,"content":"I diverted my last year, live alone with the remaining","askstr":""},"106_1":{"vid":106,"msgindex":1,"seconds":12,"ntype":0,"msgtype":0,"content":"Look back my back","askstr":""},"104_1":{"vid":104,"msgindex":1,"seconds":30,"ntype":0,"msgtype":0,"content":"Hello, can you come with me","askstr":""},"112_10":{"vid":112,"msgindex":10,"seconds":18,"ntype":0,"msgtype":2,"content":"https://mock.kissu688.com/voice/pakis3.m4a#pakis3.m4a:6000","askstr":""},"88_4":{"vid":88,"msgindex":4,"seconds":0,"ntype":0,"msgtype":0,"content":"Want to talk well, give your WhatsApp number","askstr":""},"74_7":{"vid":74,"msgindex":7,"seconds":14,"ntype":0,"msgtype":1,"content":"https://mock.kissu688.com/voice/dkandq.jpg","askstr":""},"71_5":{"vid":71,"msgindex":5,"seconds":15,"ntype":0,"msgtype":1,"content":"https://mock.kissu688.com/voice/Jaishnavi.jpg","askstr":""},"112_1":{"vid":112,"msgindex":1,"seconds":30,"ntype":1,"msgtype":0,"content":"What kind of girl do you like more","askstr":"Thick Girl#Thin Girl"},"106_7":{"vid":106,"msgindex":7,"seconds":0,"ntype":0,"msgtype":0,"content":"dating time fix karo, oral sex karte he","askstr":""},"84_12":{"vid":84,"msgindex":12,"seconds":25,"ntype":0,"msgtype":0,"content":"Weekend Night has a plan or not","askstr":""},"85_8":{"vid":85,"msgindex":8,"seconds":80,"ntype":12,"msgtype":0,"content":"14","askstr":""},"93_3":{"vid":93,"msgindex":3,"seconds":25,"ntype":0,"msgtype":0,"content":"I have put my son with my friends","askstr":""},"102_5":{"vid":102,"msgindex":5,"seconds":12,"ntype":0,"msgtype":0,"content":"Ready it was it","askstr":""},"111_13":{"vid":111,"msgindex":13,"seconds":0,"ntype":0,"msgtype":0,"content":"Are you free for me","askstr":""},"74_1":{"vid":74,"msgindex":1,"seconds":25,"ntype":1,"msgtype":0,"content":"Do you know what sex is","askstr":"Yes#No"},"114_16":{"vid":114,"msgindex":16,"seconds":12,"ntype":0,"msgtype":0,"content":"I am not able to get out of the vigor of the corona virus, are you afraid, can you make a video call","askstr":""},"77_1":{"vid":77,"msgindex":1,"seconds":0,"ntype":1,"msgtype":0,"content":"Have you ever stayed out","askstr":"Yes#No"},"98_8":{"vid":98,"msgindex":8,"seconds":35,"ntype":0,"msgtype":4,"content":"","askstr":""},"85_14":{"vid":85,"msgindex":14,"seconds":0,"ntype":0,"msgtype":0,"content":"Want to video with me","askstr":""},"98_11":{"vid":98,"msgindex":11,"seconds":0,"ntype":0,"msgtype":2,"content":"https://mock.kissu688.com/voice/bebslove.m4a#bebslove.m4a:3000","askstr":""},"92_9":{"vid":92,"msgindex":9,"seconds":35,"ntype":12,"msgtype":0,"content":"15","askstr":""},"82_4":{"vid":82,"msgindex":4,"seconds":12,"ntype":0,"msgtype":0,"content":"You are hoping to meet me right now because I am not at my house","askstr":""},"99_6":{"vid":99,"msgindex":6,"seconds":0,"ntype":0,"msgtype":2,"content":"https://mock.kissu688.com/voice/Lovely2.m4a#Lovely2.m4a:5000","askstr":""},"109_4":{"vid":109,"msgindex":4,"seconds":10,"ntype":0,"msgtype":1,"content":"https://mock.kissu688.com/voice/sakshi.jpg","askstr":""},"85_11":{"vid":85,"msgindex":11,"seconds":18,"ntype":0,"msgtype":0,"content":"Want to see I commit that you will like","askstr":""},"108_10":{"vid":108,"msgindex":10,"seconds":0,"ntype":0,"msgtype":0,"content":"No one can not get it","askstr":""},"95_6":{"vid":95,"msgindex":6,"seconds":0,"ntype":0,"msgtype":0,"content":"Where do you work","askstr":""},"114_15":{"vid":114,"msgindex":15,"seconds":35,"ntype":0,"msgtype":0,"content":"I live near, are you more distance from here","askstr":""},"77_8":{"vid":77,"msgindex":8,"seconds":17,"ntype":12,"msgtype":0,"content":"13","askstr":""},"98_7":{"vid":98,"msgindex":7,"seconds":12,"ntype":0,"msgtype":0,"content":"Are you interested in me","askstr":""},"94_1":{"vid":94,"msgindex":1,"seconds":15,"ntype":0,"msgtype":0,"content":"Do you like coffee","askstr":""},"84_7":{"vid":84,"msgindex":7,"seconds":18,"ntype":0,"msgtype":0,"content":"Do you want to date with me","askstr":""},"105_1":{"vid":105,"msgindex":1,"seconds":20,"ntype":0,"msgtype":0,"content":"Do you like all boys blowjob","askstr":""},"73_6":{"vid":73,"msgindex":6,"seconds":22,"ntype":0,"msgtype":0,"content":"This is my back","askstr":""},"74_22":{"vid":74,"msgindex":22,"seconds":33,"ntype":0,"msgtype":4,"content":"","askstr":""},"73_1":{"vid":73,"msgindex":1,"seconds":17,"ntype":0,"msgtype":0,"content":"Hello is online or not, I am waiting","askstr":""},"72_7":{"vid":72,"msgindex":7,"seconds":0,"ntype":0,"msgtype":0,"content":"We are not happy with both","askstr":""},"74_10":{"vid":74,"msgindex":10,"seconds":15,"ntype":0,"msgtype":0,"content":"Why don't you speak","askstr":""},"114_14":{"vid":114,"msgindex":14,"seconds":24,"ntype":0,"msgtype":0,"content":"Do you want to spend the night with me","askstr":""},"114_12":{"vid":114,"msgindex":12,"seconds":20,"ntype":0,"msgtype":1,"content":"https://mock.kissu688.com/voice/cuteragini.jpg","askstr":""},"73_3":{"vid":73,"msgindex":3,"seconds":10,"ntype":0,"msgtype":0,"content":"Today's work was finished, I want to have fun with someone in tomorrow","askstr":""},"87_5":{"vid":87,"msgindex":5,"seconds":18,"ntype":0,"msgtype":0,"content":"Are you not a satisfaction","askstr":""},"103_1":{"vid":103,"msgindex":1,"seconds":20,"ntype":0,"msgtype":0,"content":"I keep with someone…","askstr":""},"110_2":{"vid":110,"msgindex":2,"seconds":18,"ntype":0,"msgtype":0,"content":"What do you like sexy voice talks","askstr":""},"87_11":{"vid":87,"msgindex":11,"seconds":16,"ntype":0,"msgtype":0,"content":"Are you not a satisfaction","askstr":""},"73_2":{"vid":73,"msgindex":2,"seconds":14,"ntype":0,"msgtype":0,"content":"I came here in connection with some business and I am going back home","askstr":""},"98_10":{"vid":98,"msgindex":10,"seconds":8,"ntype":0,"msgtype":1,"content":"https://mock.kissu688.com/voice/bebslove.jpg","askstr":""},"100_2":{"vid":100,"msgindex":2,"seconds":20,"ntype":0,"msgtype":0,"content":"I'm working at once","askstr":""},"91_2":{"vid":91,"msgindex":2,"seconds":15,"ntype":0,"msgtype":0,"content":"You look boring","askstr":""},"93_2":{"vid":93,"msgindex":2,"seconds":20,"ntype":0,"msgtype":0,"content":"Will you help me a help","askstr":""},"96_4":{"vid":96,"msgindex":4,"seconds":20,"ntype":0,"msgtype":2,"content":"https://mock.kissu688.com/voice/mahi.m4a#mahi.m4a:4000","askstr":""},"109_8":{"vid":109,"msgindex":8,"seconds":0,"ntype":0,"msgtype":2,"content":"https://mock.kissu688.com/voice/sakshi.m4a#sakshi.m4a:6000","askstr":""},"105_8":{"vid":105,"msgindex":8,"seconds":0,"ntype":0,"msgtype":0,"content":"You don't want to have fun","askstr":""},"96_1":{"vid":96,"msgindex":1,"seconds":8,"ntype":0,"msgtype":0,"content":"OK listen","askstr":""},"83_5":{"vid":83,"msgindex":5,"seconds":15,"ntype":0,"msgtype":0,"content":"Am i not good","askstr":""},"87_6":{"vid":87,"msgindex":6,"seconds":0,"ntype":0,"msgtype":0,"content":"What i don't look sexy","askstr":""},"84_3":{"vid":84,"msgindex":3,"seconds":18,"ntype":0,"msgtype":0,"content":"Annay I don't dim if you are your wife","askstr":""},"85_4":{"vid":85,"msgindex":4,"seconds":15,"ntype":0,"msgtype":1,"content":"https://mock.kissu688.com/voice/Juhi.jpg","askstr":""},"85_1":{"vid":85,"msgindex":1,"seconds":0,"ntype":1,"msgtype":0,"content":"Do you like girls in stockings?","askstr":"Yes#No"},"112_12":{"vid":112,"msgindex":12,"seconds":30,"ntype":0,"msgtype":2,"content":"https://mock.kissu688.com/voice/pakis4.m4a#pakis4.m4a:2000","askstr":""},"110_7":{"vid":110,"msgindex":7,"seconds":0,"ntype":0,"msgtype":0,"content":"No answer to the phone, talk with passion man","askstr":""},"85_13":{"vid":85,"msgindex":13,"seconds":10,"ntype":0,"msgtype":1,"content":"https://mock.kissu688.com/voice/Juhi.jpg","askstr":""},"71_3":{"vid":71,"msgindex":3,"seconds":33,"ntype":0,"msgtype":4,"content":"","askstr":""},"107_9":{"vid":107,"msgindex":9,"seconds":0,"ntype":0,"msgtype":0,"content":"do you want this","askstr":""},"108_5":{"vid":108,"msgindex":5,"seconds":25,"ntype":0,"msgtype":0,"content":"Did you bring me to buy","askstr":""},"112_15":{"vid":112,"msgindex":15,"seconds":0,"ntype":0,"msgtype":0,"content":"Your thinking is your Whatsapp number in the sand","askstr":""},"77_5":{"vid":77,"msgindex":5,"seconds":40,"ntype":0,"msgtype":0,"content":"Say what you think about me","askstr":""},"89_5":{"vid":89,"msgindex":5,"seconds":10,"ntype":0,"msgtype":1,"content":"https://mock.kissu688.com/voice/Devanshi.jpg","askstr":""},"71_8":{"vid":71,"msgindex":8,"seconds":15,"ntype":0,"msgtype":0,"content":"Or you call your number two","askstr":""},"108_9":{"vid":108,"msgindex":9,"seconds":18,"ntype":0,"msgtype":0,"content":"If you bring condoms for me then I can do it","askstr":""},"95_4":{"vid":95,"msgindex":4,"seconds":35,"ntype":0,"msgtype":0,"content":"Send your photo in a minute","askstr":""},"77_9":{"vid":77,"msgindex":9,"seconds":40,"ntype":0,"msgtype":0,"content":"How can you pick up a girl with a thick body like me","askstr":""},"95_5":{"vid":95,"msgindex":5,"seconds":20,"ntype":0,"msgtype":0,"content":"Say something toh","askstr":""},"92_14":{"vid":92,"msgindex":14,"seconds":35,"ntype":0,"msgtype":4,"content":"","askstr":""},"96_3":{"vid":96,"msgindex":3,"seconds":15,"ntype":0,"msgtype":0,"content":"Since the","askstr":""},"88_2":{"vid":88,"msgindex":2,"seconds":12,"ntype":0,"msgtype":0,"content":"How much slow reply do you give","askstr":""},"114_9":{"vid":114,"msgindex":9,"seconds":0,"ntype":0,"msgtype":2,"content":"https://mock.kissu688.com/voice/cuteragini.m4a#cuteragini.m4a:3000","askstr":""},"77_11":{"vid":77,"msgindex":11,"seconds":40,"ntype":0,"msgtype":0,"content":"Say what you think about me","askstr":""},"106_4":{"vid":106,"msgindex":4,"seconds":15,"ntype":0,"msgtype":0,"content":"I like oral sex a lot, and you","askstr":""},"98_2":{"vid":98,"msgindex":2,"seconds":22,"ntype":0,"msgtype":0,"content":"I should be 18 years old and my heart was soft, my family got married in 18 years","askstr":""},"84_9":{"vid":84,"msgindex":9,"seconds":45,"ntype":12,"msgtype":0,"content":"15","askstr":""},"109_2":{"vid":109,"msgindex":2,"seconds":20,"ntype":0,"msgtype":0,"content":"I tell you a place and enjoy","askstr":""},"93_4":{"vid":93,"msgindex":4,"seconds":18,"ntype":0,"msgtype":0,"content":"That I will make a week May boyfriend","askstr":""},"112_14":{"vid":112,"msgindex":14,"seconds":18,"ntype":0,"msgtype":0,"content":"Can you celebrate a birthday with me","askstr":""},"112_4":{"vid":112,"msgindex":4,"seconds":20,"ntype":0,"msgtype":1,"content":"https://mock.kissu688.com/voice/pakistanigirls.jpg","askstr":""},"90_1":{"vid":90,"msgindex":1,"seconds":15,"ntype":0,"msgtype":0,"content":"You or you","askstr":""},"104_2":{"vid":104,"msgindex":2,"seconds":22,"ntype":0,"msgtype":0,"content":"If you want to come, then give me your phone number, I will give you your house addresses.","askstr":""},"72_4":{"vid":72,"msgindex":4,"seconds":8,"ntype":0,"msgtype":2,"content":"https://mock.kissu688.com/voice/ankita.m4a#ankita.m4a:3000","askstr":""},"112_8":{"vid":112,"msgindex":8,"seconds":0,"ntype":0,"msgtype":0,"content":"Your thinking is your Whatsapp number in the sand","askstr":""},"104_4":{"vid":104,"msgindex":4,"seconds":18,"ntype":0,"msgtype":0,"content":"If you do not feel right here, then you can call me.","askstr":""},"87_12":{"vid":87,"msgindex":12,"seconds":0,"ntype":0,"msgtype":0,"content":"What i don't look sexy","askstr":""},"92_2":{"vid":92,"msgindex":2,"seconds":35,"ntype":11,"msgtype":0,"content":"9","askstr":""},"105_5":{"vid":105,"msgindex":5,"seconds":18,"ntype":0,"msgtype":1,"content":"https://mock.kissu688.com/voice/nithyamenen.jpg","askstr":""},"111_2":{"vid":111,"msgindex":2,"seconds":30,"ntype":11,"msgtype":0,"content":"8","askstr":""},"108_8":{"vid":108,"msgindex":8,"seconds":26,"ntype":0,"msgtype":0,"content":"its my pic","askstr":""},"95_9":{"vid":95,"msgindex":9,"seconds":28,"ntype":0,"msgtype":2,"content":"https://mock.kissu688.com/voice/Malika.m4a#Malika.m4a:5000","askstr":""},"113_4":{"vid":113,"msgindex":4,"seconds":22,"ntype":0,"msgtype":0,"content":"Can you feel it","askstr":""},"104_5":{"vid":104,"msgindex":5,"seconds":10,"ntype":0,"msgtype":0,"content":"If you are fine, you meet.","askstr":""},"74_20":{"vid":74,"msgindex":20,"seconds":8,"ntype":0,"msgtype":0,"content":"If you talk nicely then we can talk outside together","askstr":""},"82_5":{"vid":82,"msgindex":5,"seconds":8,"ntype":0,"msgtype":0,"content":"Are you free","askstr":""},"77_4":{"vid":77,"msgindex":4,"seconds":8,"ntype":0,"msgtype":1,"content":"https://mock.kissu688.com/voice/seemaaunty.jpg","askstr":""},"111_11":{"vid":111,"msgindex":11,"seconds":35,"ntype":0,"msgtype":1,"content":"https://mock.kissu688.com/voice/bestindiantalent.jpg","askstr":""},"83_6":{"vid":83,"msgindex":6,"seconds":25,"ntype":0,"msgtype":0,"content":"What are you doing, why do you ignore me","askstr":""},"94_5":{"vid":94,"msgindex":5,"seconds":20,"ntype":0,"msgtype":0,"content":"my horn","askstr":""},"99999_1":{"vid":99999,"msgindex":1,"seconds":25,"ntype":0,"msgtype":0,"content":"wellcome to kissU!","askstr":""}}}